,Unnamed: 0,sentence,sent_id,sent_begin,firstCharEnt1,lastCharEnt1,entity1,chunk1,firstCharEnt2,lastCharEnt2,entity2,chunk2,relation
2,15,This nuclear complex was activated by LPS with kinetics that preceded induction of the TF gene.,15,2453,5,19,non_Protein,nuclear complex,87,88,Protein,TF,Subunit-Complex
8,26,"The effect of LPS and TNF-alpha is mediated by their ability to induce nuclear translocation of the DNA-binding heterodimer NF-kappa B (p50/p65), which binds to a specific sequence in the HIV-long terminal repeat.",2,213,100,122,non_Protein,DNA-binding heterodimer,124,133,non_Protein,NF-kappa B,Subunit-Complex
9,27,"The effect of LPS and TNF-alpha is mediated by their ability to induce nuclear translocation of the DNA-binding heterodimer NF-kappa B (p50/p65), which binds to a specific sequence in the HIV-long terminal repeat.",2,213,100,122,non_Protein,DNA-binding heterodimer,136,142,non_Protein,p50/p65,Subunit-Complex
12,30,"The effect of LPS and TNF-alpha is mediated by their ability to induce nuclear translocation of the DNA-binding heterodimer NF-kappa B (p50/p65), which binds to a specific sequence in the HIV-long terminal repeat.",2,213,124,133,non_Protein,NF-kappa B,136,142,non_Protein,p50/p65,Subunit-Complex
23,41,The present study demonstrates that triggering of complement receptors CR1 (CD35) and CR3 (CD11b/CD18) enhances viral replication in HIV-infected human monocytic cells.,3,427,86,88,non_Protein,CR3,91,100,non_Protein,CD11b/CD18,Subunit-Complex
32,50,We further observed that stimulation of CR1 or CR3 induces the nuclear translocation of NF-kappa B p50/p65 in infected cells.,6,1020,88,97,non_Protein,NF-kappa B,99,105,non_Protein,p50/p65,Subunit-Complex
33,51,Translocation of NF-kappa B p50/p65 was also observed following stimulation of CR1 or CR3 of uninfected peripheral blood monocytes from HIV-seronegative donors.,7,1146,17,26,non_Protein,NF-kappa B,28,34,non_Protein,p50/p65,Subunit-Complex
41,59,TNF-alpha did not mediate the translocation of NF-kappa B p50/p65 induced by triggering of complement receptors.,9,1416,47,56,non_Protein,NF-kappa B,58,64,non_Protein,p50/p65,Subunit-Complex
54,72,"Here we report the characterization of a nuclear complex from human monocytic cells that bound to a kappa B-like site, 5'-CGGAGTTTCC-3', in the 5'-flanking region of the human TF gene.",14,2268,100,116,non_Protein,kappa B-like site,176,177,Protein,TF,Protein-Component
56,74,"Here we report the characterization of a nuclear complex from human monocytic cells that bound to a kappa B-like site, 5'-CGGAGTTTCC-3', in the 5'-flanking region of the human TF gene.",14,2268,119,133,non_Protein,5'-CGGAGTTTCC-3,176,177,Protein,TF,Protein-Component
57,75,"Here we report the characterization of a nuclear complex from human monocytic cells that bound to a kappa B-like site, 5'-CGGAGTTTCC-3', in the 5'-flanking region of the human TF gene.",14,2268,144,161,non_Protein,5'-flanking region,176,177,Protein,TF,Protein-Component
65,83,In vitro binding studies demonstrated that the TF site bound translated c-Rel and p65 homodimers but not p50/p65 heterodimers or p50 homodimers.,16,2549,50,53,non_Protein,site,72,76,Protein,c-Rel,Protein-Component
72,90,In vitro binding studies demonstrated that the TF site bound translated c-Rel and p65 homodimers but not p50/p65 heterodimers or p50 homodimers.,16,2549,72,76,Protein,c-Rel,86,95,non_Protein,homodimers,Subunit-Complex
76,94,In vitro binding studies demonstrated that the TF site bound translated c-Rel and p65 homodimers but not p50/p65 heterodimers or p50 homodimers.,16,2549,82,84,Protein,p65,86,95,non_Protein,homodimers,Subunit-Complex
85,103,In vitro binding studies demonstrated that the TF site bound translated c-Rel and p65 homodimers but not p50/p65 heterodimers or p50 homodimers.,16,2549,129,131,Protein,p50,133,142,non_Protein,homodimers,Subunit-Complex
86,104,"Base-pair substitutions in the TF site indicated that the presence of a cytosine at position 1 precluded binding of NF-kappa B. In fact, under low-ionic-strength conditions, the TF complex did not migrate with translated p50/p65 dimers but instead comigrated with c-Rel/p65 dimers.",17,2694,31,32,Protein,TF,34,37,non_Protein,site,Protein-Component
116,134,"Base-pair substitutions in the TF site indicated that the presence of a cytosine at position 1 precluded binding of NF-kappa B. In fact, under low-ionic-strength conditions, the TF complex did not migrate with translated p50/p65 dimers but instead comigrated with c-Rel/p65 dimers.",17,2694,178,179,Protein,TF,181,187,non_Protein,complex,Subunit-Complex
148,166,Antibodies against the NF-kappa B and Rel proteins and UV cross-linking studies revealed the presence of c-Rel and p65 and the absence of p50 in the TF complex and further showed that c-Rel/p65 heterodimers selectively bound to the TF kappa B-like site.,18,2976,149,150,Protein,TF,152,158,non_Protein,complex,Subunit-Complex
157,175,Antibodies against the NF-kappa B and Rel proteins and UV cross-linking studies revealed the presence of c-Rel and p65 and the absence of p50 in the TF complex and further showed that c-Rel/p65 heterodimers selectively bound to the TF kappa B-like site.,18,2976,232,233,Protein,TF,235,251,non_Protein,kappa B-like site,Protein-Component
158,176,Functional studies indicated that the TF site conferred LPS inducibility on a heterologous promoter and was transactivated by c-Rel or p65.,19,3230,38,39,Protein,TF,41,44,non_Protein,site,Protein-Component
170,188,"Taken together, our results demonstrated that binding of c-Rel/p65 heterodimers to a novel kappa B-like site mediated LPS induction of TF gene expression in monocytic cells.",20,3370,91,107,non_Protein,kappa B-like site,135,136,Protein,TF,Protein-Component
